model,id,value,passed
Reference (Box 3),C1,calm 0.61 vs dense 1.89 (true 0.5 vs 2.0),True
Reference (Box 3),C2,1.01 (24-h mean rate 0.87),True
Reference (Box 3),S1,ratio 1.071,True
Reference (Box 3),C11,0.28 events/min,True
Reference (Box 3),C3,from calm 101%; from dense 67%,True
Reference (Box 3),C4,19 min,True
Reference (Box 3),C4b,4: 18 min / 16: 19 min / 32: 20 min,True
Reference (Box 3),C5,calm 3.96 vs dense 3.61 events/min,True
Reference (Box 3),C6,isolated +4.4%; one a day for 28 days +12%,True
Reference (Box 3),C7,1: 1.13 / 4: 1.52 / 8: 2.04 / 16: 2.92,True
Reference (Box 3),C8,0.38 vs 0.05 events/min,True
Reference (Box 3),C9,half-recovery 2.4 d; calm mismatch 1.99 -> 0.45,True
Reference (Box 3),C10,98%,True
Reference (Box 3),P1,1.29 / 2.04 / 3.45,True
Reference (Box 3),P2,2 min 54% / 5 min 94% / 10 min 103% / 20 min 107% / 40 min 101%,True
Reference (Box 3),P3,1 x 160 min 1.79 / 4 x 40 min 2.06 / 16 x 10 min 2.92 / 32 x 5 min 3.13,True
Reference (Box 3),P4,1 d 1.61 / 3 d 2.34 / 7 d 2.92 / 14 d 3.16 / 28 d 3.24,True
Reference (Box 3),P5,fragmented / concentrated = 1.60,True
A1 sign-dependent learning rate,C1,calm 1.53 vs dense 3.62 (true 0.5 vs 2.0),True
A1 sign-dependent learning rate,C2,2.10 (24-h mean rate 0.87),False
A1 sign-dependent learning rate,S1,ratio 1.900,False
A1 sign-dependent learning rate,C11,0.34 events/min,True
A1 sign-dependent learning rate,C3,from calm 105%; from dense 105%,True
A1 sign-dependent learning rate,C4,16 min,True
A1 sign-dependent learning rate,C4b,4: 14 min / 16: 18 min / 32: 19 min,False
A1 sign-dependent learning rate,C5,calm 4.94 vs dense 4.37 events/min,True
A1 sign-dependent learning rate,C6,isolated +1.9%; one a day for 28 days +4%,False
A1 sign-dependent learning rate,C7,1: 2.22 / 4: 2.56 / 8: 3.05 / 16: 3.92,True
A1 sign-dependent learning rate,C8,1.02 vs 0.90 events/min,False
A1 sign-dependent learning rate,C9,half-recovery 2.2 d; calm mismatch 2.82 -> 1.25,True
A1 sign-dependent learning rate,C10,142%,True
A1 sign-dependent learning rate,P1,2.45 / 3.05 / 4.27,True
A1 sign-dependent learning rate,P2,2 min 93% / 5 min 120% / 10 min 137% / 20 min 142% / 40 min 141%,True
A1 sign-dependent learning rate,P3,1 x 160 min 3.03 / 4 x 40 min 3.21 / 16 x 10 min 3.92 / 32 x 5 min 4.54,True
A1 sign-dependent learning rate,P4,1 d 2.66 / 3 d 3.38 / 7 d 3.92 / 14 d 4.15 / 28 d 4.21,True
A1 sign-dependent learning rate,P5,fragmented / concentrated = 1.28,True
"A2 long-window surprise, both directions",C1,calm 0.68 vs dense 2.01 (true 0.5 vs 2.0),True
"A2 long-window surprise, both directions",C2,1.13 (24-h mean rate 0.87),True
"A2 long-window surprise, both directions",S1,ratio 1.187,False
"A2 long-window surprise, both directions",C11,0.29 events/min,True
"A2 long-window surprise, both directions",C3,from calm 81%; from dense 82%,True
"A2 long-window surprise, both directions",C4,2 min,False
"A2 long-window surprise, both directions",C4b,4: 4 min / 16: 1 min / 32: 1 min,False
"A2 long-window surprise, both directions",C5,calm 0.75 vs dense 0.74 events/min,True
"A2 long-window surprise, both directions",C6,isolated +1.5%; one a day for 28 days +5%,False
"A2 long-window surprise, both directions",C7,1: 1.19 / 4: 1.33 / 8: 1.52 / 16: 1.95,True
"A2 long-window surprise, both directions",C8,0.23 vs 0.12 events/min,False
"A2 long-window surprise, both directions",C9,half-recovery 2.4 d; calm mismatch 0.60 -> 0.38,True
"A2 long-window surprise, both directions",C10,109%,True
"A2 long-window surprise, both directions",P1,1.31 / 1.52 / 1.97,True
"A2 long-window surprise, both directions",P2,2 min 77% / 5 min 96% / 10 min 104% / 20 min 104% / 40 min 104%,True
"A2 long-window surprise, both directions",P3,1 x 160 min 1.83 / 4 x 40 min 1.87 / 16 x 10 min 1.95 / 32 x 5 min 2.05,True
"A2 long-window surprise, both directions",P4,1 d 1.37 / 3 d 1.68 / 7 d 1.95 / 14 d 2.05 / 28 d 2.09,True
"A2 long-window surprise, both directions",P5,fragmented / concentrated = 1.04,False
A3 surprise speeds up decreases too,C1,calm 0.61 vs dense 1.88 (true 0.5 vs 2.0),True
A3 surprise speeds up decreases too,C2,0.99 (24-h mean rate 0.87),True
A3 surprise speeds up decreases too,S1,ratio 1.052,True
A3 surprise speeds up decreases too,C11,0.28 events/min,True
A3 surprise speeds up decreases too,C3,from calm 95%; from dense 64%,True
A3 surprise speeds up decreases too,C4,19 min,True
A3 surprise speeds up decreases too,C4b,4: 18 min / 16: 8 min / 32: 1 min,False
A3 surprise speeds up decreases too,C5,calm 3.70 vs dense 3.20 events/min,True
A3 surprise speeds up decreases too,C6,isolated +4.4%; one a day for 28 days +12%,True
A3 surprise speeds up decreases too,C7,1: 1.12 / 4: 1.46 / 8: 1.95 / 16: 2.78,True
A3 surprise speeds up decreases too,C8,0.36 vs 0.05 events/min,True
A3 surprise speeds up decreases too,C9,half-recovery 2.4 d; calm mismatch 1.79 -> 0.44,True
A3 surprise speeds up decreases too,C10,97%,True
A3 surprise speeds up decreases too,P1,1.26 / 1.95 / 2.43,True
A3 surprise speeds up decreases too,P2,2 min 54% / 5 min 85% / 10 min 96% / 20 min 106% / 40 min 100%,True
A3 surprise speeds up decreases too,P3,1 x 160 min 1.77 / 4 x 40 min 2.01 / 16 x 10 min 2.78 / 32 x 5 min 2.86,True
A3 surprise speeds up decreases too,P4,1 d 1.53 / 3 d 2.23 / 7 d 2.78 / 14 d 3.01 / 28 d 3.09,True
A3 surprise speeds up decreases too,P5,fragmented / concentrated = 1.53,True
A4 no downward prediction,C1,calm 0.53 vs dense 1.99 (true 0.5 vs 2.0),True
A4 no downward prediction,C2,1.00 (24-h mean rate 0.87),True
A4 no downward prediction,S1,ratio 1.108,False
A4 no downward prediction,C11,0.27 events/min,True
A4 no downward prediction,C3,from calm 102%; from dense 64%,True
A4 no downward prediction,C4,20 min,True
A4 no downward prediction,C4b,4: 20 min / 16: 20 min / 32: 20 min,True
A4 no downward prediction,C5,calm 4.03 vs dense 3.56 events/min,True
A4 no downward prediction,C6,isolated +5.0%; one a day for 28 days +12%,False
A4 no downward prediction,C7,1: 1.11 / 4: 1.47 / 8: 1.98 / 16: 2.85,True
A4 no downward prediction,C8,0.08 vs 0.32 events/min,False
A4 no downward prediction,C9,half-recovery 2.1 d; calm mismatch 2.06 -> 0.31,True
A4 no downward prediction,C10,100%,True
A4 no downward prediction,P1,1.27 / 1.98 / 3.34,True
A4 no downward prediction,P2,2 min 50% / 5 min 94% / 10 min 105% / 20 min 108% / 40 min 105%,True
A4 no downward prediction,P3,1 x 160 min 1.73 / 4 x 40 min 1.98 / 16 x 10 min 2.85 / 32 x 5 min 3.02,True
A4 no downward prediction,P4,1 d 1.60 / 3 d 2.32 / 7 d 2.85 / 14 d 3.04 / 28 d 3.12,True
A4 no downward prediction,P5,fragmented / concentrated = 1.62,True
