setting,w1_low,w1_high,surprise_threshold,surprise_smoothing,w_down0,mu_star,w2,C1,C2,S1,C11,C3,C4,C4b,C5,C6,C7,C8,C12,C9,C10,P1,P2,P3,P4,P5,core_joint,all_joint
reference,0.05,0.7,10.0,0.3,0.05,0.25,0.000231,1,1,1,1,1,1,1,1,1,1,1,1,1,1,1,1,1,1,1,1,1
one-at-a-time w1_low x0.5,0.025,0.7,10.0,0.3,0.05,0.25,0.000231,1,1,0,1,1,1,1,1,0,1,1,1,1,1,1,1,1,1,1,0,0
one-at-a-time w1_low x2.0,0.1,0.7,10.0,0.3,0.05,0.25,0.000231,1,1,1,1,1,0,0,1,1,1,0,1,1,1,1,1,1,1,1,0,0
one-at-a-time w1_high x0.5,0.05,0.35,10.0,0.3,0.05,0.25,0.000231,1,1,1,1,0,1,1,1,1,1,1,1,1,1,1,0,1,1,1,0,0
one-at-a-time w1_high x2.0,0.05,0.95,10.0,0.3,0.05,0.25,0.000231,1,1,1,1,1,1,1,1,0,1,1,1,1,1,1,1,1,1,1,1,0
one-at-a-time surprise_threshold x0.5,0.05,0.7,5.0,0.3,0.05,0.25,0.000231,1,1,0,1,1,1,1,1,1,1,0,1,1,1,1,1,1,1,1,0,0
one-at-a-time surprise_threshold x2.0,0.05,0.7,20.0,0.3,0.05,0.25,0.000231,1,1,1,1,1,1,1,1,1,1,1,1,1,1,1,0,1,1,1,1,0
one-at-a-time surprise_smoothing x0.5,0.05,0.7,10.0,0.15,0.05,0.25,0.000231,1,1,1,1,1,1,1,1,1,1,1,1,1,1,1,1,1,1,1,1,1
one-at-a-time surprise_smoothing x2.0,0.05,0.7,10.0,0.6,0.05,0.25,0.000231,1,1,0,1,1,1,1,1,1,1,0,1,1,1,1,1,1,1,1,0,0
one-at-a-time w_down0 x0.5,0.05,0.7,10.0,0.3,0.025,0.25,0.000231,1,1,1,1,1,1,1,1,1,1,1,1,1,1,1,1,1,1,1,1,1
one-at-a-time w_down0 x2.0,0.05,0.7,10.0,0.3,0.1,0.25,0.000231,1,1,1,1,1,1,1,1,1,1,1,1,1,1,1,1,1,1,1,1,1
one-at-a-time mu_star x0.5,0.05,0.7,10.0,0.3,0.05,0.125,0.000231,1,1,1,1,1,1,1,1,1,1,1,1,1,1,1,1,1,1,1,1,1
one-at-a-time mu_star x2.0,0.05,0.7,10.0,0.3,0.05,0.5,0.000231,1,1,1,1,1,1,1,1,1,1,1,1,1,1,1,1,1,1,1,1,1
one-at-a-time w2 x0.5,0.05,0.7,10.0,0.3,0.05,0.25,0.000116,1,1,1,1,1,1,1,1,1,1,1,1,1,1,1,1,1,1,1,1,1
one-at-a-time w2 x2.0,0.05,0.7,10.0,0.3,0.05,0.25,0.000463,1,1,1,1,1,1,1,1,0,1,1,1,1,1,1,1,1,1,1,1,0
random 01,0.032038,0.849834,9.556384,0.2507,0.04089,0.373981,0.000406,1,1,0,1,1,1,1,1,0,1,1,1,1,1,1,1,1,1,1,0,0
random 02,0.031968,0.865135,7.560772,0.57314,0.089484,0.301816,0.000329,1,1,0,1,1,1,1,1,1,1,1,1,1,1,1,1,1,1,1,0,0
random 03,0.051061,0.95,9.309406,0.239926,0.03675,0.171071,0.00024,1,1,1,1,1,1,1,1,0,1,1,1,1,1,1,1,1,1,1,1,0
random 04,0.045433,0.877693,5.0898,0.27902,0.041476,0.163889,0.000264,1,1,0,1,1,1,1,1,1,1,0,1,1,1,1,1,1,1,1,0,0
random 05,0.045711,0.530495,6.684225,0.504275,0.07552,0.289858,0.000187,1,1,0,1,1,1,1,1,1,1,1,1,1,1,1,1,1,1,1,0,0
random 06,0.092893,0.764284,9.110016,0.522656,0.038923,0.32805,0.000179,1,1,0,1,1,0,0,1,1,1,0,1,1,1,1,1,1,1,1,0,0
random 07,0.035926,0.924733,6.857639,0.297148,0.055867,0.162421,0.000319,1,1,0,1,1,1,1,1,0,1,1,1,1,1,1,1,1,1,1,0,0
random 08,0.053476,0.828419,8.37574,0.268579,0.049643,0.239806,0.000295,1,1,1,1,1,1,1,1,0,1,1,1,1,1,1,1,1,1,1,1,0
random 09,0.055646,0.623287,5.012509,0.450968,0.051362,0.196566,0.000231,1,1,0,1,1,1,1,1,1,1,0,1,1,1,1,1,1,1,1,0,0
random 10,0.028458,0.95,19.717441,0.162725,0.041079,0.343916,0.000179,1,1,1,1,1,1,1,1,1,1,1,1,1,0,1,1,1,1,1,1,0
random 11,0.05487,0.623546,14.624875,0.566427,0.085666,0.295631,0.000145,1,1,1,1,1,1,1,1,1,1,1,1,1,1,1,1,1,1,1,1,1
random 12,0.092924,0.361656,7.554556,0.221636,0.063448,0.245659,0.000132,1,1,1,1,1,0,0,1,1,1,1,1,1,1,1,0,1,1,1,0,0
random 13,0.02545,0.808914,9.882628,0.34527,0.054641,0.429556,0.000413,1,1,0,1,1,1,1,1,0,1,1,1,1,1,1,1,1,1,1,0,0
random 14,0.032455,0.95,14.901455,0.363767,0.062383,0.266484,0.000413,1,1,0,1,1,1,1,1,0,1,1,1,1,1,1,1,1,1,1,0,0
random 15,0.034544,0.803327,15.459419,0.180811,0.058683,0.218494,0.000335,1,1,1,1,1,1,1,1,0,1,1,1,1,0,1,1,1,1,1,1,0
random 16,0.02746,0.811721,16.405248,0.358422,0.039031,0.310269,0.000185,1,1,1,1,1,1,1,1,1,1,1,1,1,1,1,1,1,1,1,1,1
random 17,0.063164,0.418157,7.371262,0.15696,0.028084,0.269721,0.00016,1,1,1,1,1,1,1,1,1,1,1,1,1,1,1,1,1,1,1,1,1
random 18,0.051127,0.87331,16.962777,0.245391,0.038887,0.193088,0.000136,1,1,1,1,1,1,1,1,1,1,1,1,1,1,1,1,1,1,1,1,1
random 19,0.062693,0.95,9.632684,0.325252,0.094407,0.329381,0.000325,1,1,1,1,1,0,0,1,0,1,1,1,1,1,1,1,1,1,1,0,0
random 20,0.085797,0.472049,12.314279,0.405514,0.080355,0.201321,0.000301,1,1,1,1,1,0,0,1,1,1,1,1,1,1,1,1,1,1,1,0,0
random 21,0.057786,0.617345,5.75693,0.244708,0.095064,0.16876,0.000135,1,1,0,1,1,1,1,1,1,1,1,1,1,1,1,1,1,1,1,0,0
random 22,0.04162,0.402591,7.241688,0.532904,0.038893,0.281612,0.000161,1,1,0,1,1,1,1,1,1,1,0,1,1,1,1,1,1,1,1,0,0
random 23,0.063111,0.417758,14.944543,0.269606,0.032249,0.35762,0.00025,1,1,1,1,1,1,0,1,1,1,1,1,1,1,1,0,1,1,1,0,0
random 24,0.045891,0.488584,14.770634,0.248894,0.026539,0.476563,0.000121,1,1,1,1,1,1,1,1,1,1,1,1,1,1,1,0,1,1,1,1,0
random 25,0.029544,0.667598,6.669774,0.238706,0.05491,0.471616,0.000424,1,1,0,1,1,1,1,1,0,1,1,1,1,1,1,1,1,1,1,0,0
random 26,0.027697,0.95,6.309717,0.461979,0.037702,0.338134,0.000314,1,1,0,1,1,1,1,1,1,1,1,1,1,1,1,1,1,1,1,0,0
random 27,0.081287,0.95,7.32531,0.358402,0.069666,0.139589,0.00029,1,1,0,1,1,0,0,1,1,1,0,1,1,1,1,1,1,1,1,0,0
random 28,0.03904,0.437806,10.709886,0.284559,0.055639,0.304357,0.000231,1,1,1,1,1,1,1,1,1,1,1,1,1,1,1,1,1,1,1,1,1
random 29,0.087679,0.447902,7.461736,0.245787,0.073142,0.308683,0.000154,1,1,1,1,1,0,0,1,1,1,1,1,1,1,1,1,1,1,1,0,0
random 30,0.070168,0.95,14.544593,0.167215,0.033548,0.432499,0.000392,1,1,1,1,1,0,0,1,1,1,1,1,1,1,1,0,1,1,1,0,0
random 31,0.033244,0.751674,7.196496,0.267128,0.025737,0.184734,0.000168,1,1,0,1,1,1,1,1,1,1,1,1,1,1,1,1,1,1,1,0,0
random 32,0.089395,0.79079,6.395074,0.271338,0.049513,0.30244,0.000242,1,1,1,1,1,0,0,1,1,1,0,1,1,1,1,1,1,1,1,0,0
random 33,0.044813,0.538498,11.095687,0.580231,0.053811,0.427508,0.000118,1,1,0,1,1,1,1,1,1,1,1,1,1,1,1,1,1,1,1,0,0
random 34,0.03313,0.95,11.011002,0.29487,0.041685,0.188225,0.000297,1,1,0,1,1,1,1,1,0,1,1,1,1,1,1,1,1,1,1,0,0
random 35,0.041508,0.63989,14.678419,0.556865,0.099125,0.244826,0.00014,1,1,1,1,1,1,1,1,1,1,1,1,1,1,1,1,1,1,1,1,1
random 36,0.025879,0.694834,5.558278,0.176588,0.03462,0.494481,0.000145,1,1,0,1,1,1,1,1,1,1,1,1,1,1,1,1,1,1,1,0,0
random 37,0.029124,0.95,11.843861,0.418366,0.04088,0.456177,0.000448,1,1,0,1,1,1,1,1,0,1,1,1,1,1,1,1,1,1,1,0,0
random 38,0.054221,0.95,10.08065,0.275957,0.074271,0.305341,0.000153,1,1,1,1,1,1,1,1,1,1,1,1,1,1,1,1,1,1,1,1,1
random 39,0.051046,0.358078,16.83332,0.318182,0.026653,0.458667,0.000463,1,1,1,1,1,1,1,1,1,1,1,1,1,1,1,0,1,1,1,1,0
random 40,0.069477,0.63643,11.351151,0.152143,0.029056,0.197784,0.000205,1,1,1,1,1,0,0,1,1,1,1,1,1,1,1,0,1,1,1,0,0
random 41,0.071296,0.443463,5.873163,0.394463,0.085623,0.423177,0.000324,1,1,0,1,1,0,0,1,1,1,1,1,1,1,1,1,1,1,1,0,0
random 42,0.097748,0.72177,14.630079,0.267459,0.040796,0.441855,0.00021,1,1,1,1,1,0,0,1,1,1,1,1,1,1,1,1,1,1,1,0,0
random 43,0.070366,0.697117,5.841561,0.178846,0.050707,0.333407,0.000324,1,1,1,1,1,0,0,1,1,1,1,1,1,1,1,1,1,1,1,0,0
random 44,0.039815,0.354498,10.473277,0.195084,0.038965,0.274124,0.000199,1,1,1,1,0,1,1,1,1,1,1,1,1,1,1,0,1,1,1,0,0
random 45,0.047237,0.375359,6.444011,0.481907,0.05083,0.426387,0.00038,1,1,0,1,1,1,1,1,1,1,1,1,1,1,1,1,1,1,1,0,0
random 46,0.032677,0.609045,10.363825,0.171712,0.02814,0.401361,0.000364,1,1,1,1,1,1,1,1,0,1,1,1,1,1,1,1,1,1,1,1,0
random 47,0.042531,0.932126,10.251722,0.422886,0.038699,0.241162,0.000399,1,1,0,1,1,1,1,1,0,1,1,1,1,1,1,1,1,1,1,0,0
random 48,0.077555,0.537879,16.976537,0.260702,0.064383,0.335183,0.000202,1,1,1,1,1,0,0,1,1,1,1,1,1,1,1,0,1,1,1,0,0
random 49,0.078686,0.667172,18.939226,0.549592,0.087087,0.440345,0.000142,1,1,1,1,1,0,0,1,1,1,1,1,1,1,1,0,1,1,1,0,0
random 50,0.061415,0.95,10.406741,0.312402,0.033053,0.156212,0.000343,1,1,1,1,1,1,1,1,0,1,1,1,1,1,1,1,1,1,1,1,0
random 51,0.030762,0.95,5.563779,0.265639,0.025846,0.312244,0.000174,1,1,0,1,1,1,1,1,1,1,1,1,1,1,1,1,1,1,1,0,0
random 52,0.047811,0.520628,10.221089,0.373279,0.031509,0.367063,0.000342,1,1,1,1,1,1,1,1,0,1,1,1,1,1,1,1,1,1,1,1,0
random 53,0.092295,0.593293,16.774416,0.170803,0.099159,0.167754,0.000194,1,1,1,1,1,0,0,1,1,1,1,1,1,1,1,0,1,1,0,0,0
random 54,0.02846,0.95,9.806879,0.569527,0.03055,0.430368,0.000191,1,1,0,1,1,1,1,1,1,1,1,1,1,1,1,1,1,1,1,0,0
random 55,0.03469,0.870353,5.213691,0.310782,0.048204,0.133694,0.000211,1,1,0,1,1,1,1,1,1,1,1,1,1,1,1,1,1,1,1,0,0
random 56,0.038152,0.494048,18.157776,0.343797,0.030957,0.357066,0.000193,1,1,1,1,1,1,1,1,1,1,1,1,1,1,1,0,1,1,1,1,0
random 57,0.057343,0.592668,12.117497,0.386063,0.037038,0.3956,0.000273,1,1,1,1,1,1,1,1,1,1,1,1,1,1,1,1,1,1,1,1,1
random 58,0.057856,0.473501,7.110018,0.259497,0.026202,0.134853,0.00029,1,1,1,1,1,1,1,1,1,1,0,1,1,1,1,1,1,1,1,0,0
random 59,0.038769,0.949945,5.546513,0.418499,0.033643,0.417284,0.000407,1,1,0,1,1,1,1,1,0,1,0,1,1,1,1,1,1,1,1,0,0
random 60,0.065005,0.604578,5.180976,0.430851,0.054549,0.140105,0.000255,1,1,0,1,1,1,0,1,1,1,0,1,1,1,1,1,1,1,1,0,0
random 61,0.025214,0.654371,11.700039,0.456394,0.037403,0.172431,0.000183,1,1,0,1,1,1,1,1,0,1,1,1,1,1,1,1,1,1,1,0,0
random 62,0.027138,0.95,16.949822,0.345632,0.027723,0.140365,0.000421,1,1,0,1,1,1,1,1,0,1,1,1,1,1,1,1,1,1,1,0,0
random 63,0.02973,0.428321,14.854916,0.227841,0.04423,0.220683,0.000305,1,1,1,1,1,1,1,1,1,1,1,1,1,1,1,0,1,1,1,1,0
random 64,0.048119,0.95,9.943863,0.22437,0.032741,0.356019,0.000157,1,1,1,1,1,1,1,1,1,1,1,1,1,1,1,1,1,1,1,1,1
